{"schemaVersion":"1.0","appDefinitionTemplate":{"id":"/providers/Microsoft.PowerApps/apps/","type":"Microsoft.PowerApps/apps","tags":{"primaryDeviceWidth":"640","primaryDeviceHeight":"1136","sienaVersion":"20200913T161751Z-3.20085.19.0","deviceCapabilities":"","supportsPortrait":"true","supportsLandscape":"false","primaryFormFactor":"Phone","publisherVersion":"3.20085.19","minimumRequiredApiVersion":"2.2.0","hasComponent":"false","hasUnlockedComponent":"false","isUnifiedRootApp":"false"},"properties":{"appVersion":"2020-09-13T16:17:51Z","lifeCycleId":"Published","createdByClientVersion":{"major":3,"minor":20085,"build":19,"revision":0,"majorRevision":0,"minorRevision":0},"minClientVersion":{"major":3,"minor":20085,"build":19,"revision":0,"majorRevision":0,"minorRevision":0},"backgroundColor":"rgba(0, 176, 240, 1)","backgroundImageUri":"/18150529618841360339/Naa2cd2eb-3f57-44af-ad47-9481f1f7aa9b-logoSmallFile","displayName":"Ultimate Pokemon Stats","description":"","commitMessage":"","appUris":{"documentUri":{"value":"/18150529618841360339/N68c650bd-43f7-4af0-a3c4-3c92bc8e0235-document.msapp","readonlyValue":"/18150529618841360339/N68c650bd-43f7-4af0-a3c4-3c92bc8e0235-document.msapp"},"imageUris":[]},"createdTime":"0001-01-01T00:00:00Z","lastModifiedTime":"0001-01-01T00:00:00Z","sharedGroupsCount":0,"sharedUsersCount":0,"icons":{"smallIconUri":"/18150529618841360339/Ne0463766-8b78-4d9a-b44c-01116be31bf0-small.png","mediumIconUri":"/18150529618841360339/Nfd1530d4-0b61-4fc5-9560-d562e213a6b4-medium.png","largeIconUri":"/18150529618841360339/N994af3ef-9b71-4ea0-a75f-ccc01c2422be-large.png","wideIconUri":"/18150529618841360339/N7b32cc21-f2a0-4e52-a6a8-1de68aecae9b-wide.png"},"connectionReferences":{"465fe230-2afa-4be4-ba9c-93c9e26772e8":{"id":"71feb547-292c-4130-a4bb-e01c3fca2867","displayName":"Google Sheets","iconUri":"https://connectoricons-prod.azureedge.net/googlesheet/icon_1.0.1345.1995.png","dataSources":["pokemon_1"],"dependencies":[],"dependents":[],"parameterHints":{},"isOnPremiseConnection":false,"bypassConsent":false,"dataSets":{"1FlKQGwFuoO6k_sKBf0Vqd_mfe49yeBeNSvrsS-1z8RI":{"dataSources":{"pokemon_1":{"tableName":"234388"}}}},"apiTier":"Standard","isCustomApiConnection":false}},"databaseReferences":{},"almMode":"Environment","performanceOptimizationEnabled":true,"canConsumeAppPass":true},"isAppComponentLibrary":false,"appType":"ClassicCanvasApp","appComponents":[]}}